,0,1,2,3,4,5,6,7,8,9,10,11,12,13,14,15,16,17,18,19,20
0,11,0,0,0,0,0,0,0,0,0,0,0,0,15,0,0,0,0,12,2,0
1,0,21,0,0,0,0,0,19,0,0,0,0,13,0,0,0,0,0,0,0,0
2,0,10,0,1,0,0,0,0,0,0,0,0,0,0,23,0,0,0,0,0,0
3,0,0,9,0,0,0,5,0,0,0,0,0,0,0,0,0,0,0,0,0,0
4,17,0,0,0,8,0,0,0,0,0,0,0,0,0,0,0,0,0,14,0,0
5,22,0,0,0,0,0,0,0,7,0,0,0,0,4,0,0,0,0,0,0,0
6,0,6,0,0,0,0,0,20,0,0,0,3,0,0,0,0,0,0,16,0,18
7,17,0,0,0,0,0,0,0,0,0,0,0,0,0,0,18,0,0,7,0,3
8,1,0,0,0,0,0,0,0,0,9,0,0,13,0,0,0,0,0,0,0,0
9,0,8,0,0,0,0,0,0,0,2,0,0,0,0,23,0,0,0,0,0,0
10,0,0,15,0,21,0,0,0,0,0,0,0,0,0,0,0,0,0,0,0,0
11,0,0,5,0,0,0,0,10,0,0,0,0,0,0,0,0,0,19,0,0,0
12,0,0,14,0,16,0,0,0,0,0,0,0,0,0,4,0,0,0,0,0,0
13,0,20,0,0,0,0,0,0,0,0,12,0,0,0,6,0,22,0,0,0,11
14,0,0,3,0,0,0,0,0,0,0,0,8,0,0,0,0,0,0,2,0,7
15,13,0,0,0,0,0,0,18,0,0,0,0,21,0,0,0,0,0,0,0,0
16,0,17,0,0,0,0,0,0,19,0,0,12,0,0,0,0,0,0,0,0,0
17,0,11,0,0,0,0,0,0,15,0,0,0,0,0,0,0,0,0,0,0,0
18,0,6,0,0,0,0,0,0,16,0,0,0,0,0,0,0,0,10,0,0,0
19,22,0,0,0,0,0,5,0,0,0,0,0,0,4,0,0,0,0,0,0,0
20,0,0,14,0,0,9,0,0,0,0,0,0,0,0,23,0,20,0,0,1,0
21,0,0,19,0,0,0,0,0,0,0,0,0,0,0,14,0,0,9,0,0,17
22,23,0,0,0,0,0,21,0,0,0,0,2,0,0,0,0,0,0,0,0,0
23,0,0,12,0,0,0,0,0,18,0,0,0,0,4,0,0,0,0,0,0,0
24,0,0,13,20,0,0,0,0,0,0,0,0,0,0,0,0,0,0,0,0,0
25,0,0,7,0,0,0,0,0,0,11,0,0,0,0,0,0,3,0,0,0,0
26,22,0,0,16,0,0,0,0,0,0,0,0,0,0,0,5,0,0,0,0,0
27,6,0,0,0,0,8,0,0,0,0,0,0,0,15,0,0,10,0,0,0,1
28,0,13,0,0,0,0,0,0,0,0,0,0,0,6,0,0,0,18,0,0,9
29,0,0,3,0,0,20,0,0,0,0,0,0,0,2,0,0,0,0,0,0,0
30,12,0,0,0,0,0,0,0,17,0,0,0,0,0,8,0,0,0,0,0,0
31,0,14,0,0,0,0,0,0,0,23,0,0,0,0,0,0,0,0,0,0,0
32,0,0,1,0,0,0,0,0,10,0,0,0,0,0,0,0,0,19,0,0,0
33,0,0,11,0,0,0,0,15,0,0,0,0,0,21,0,0,0,0,0,0,0
34,5,0,0,0,0,0,0,0,7,0,0,0,16,0,0,0,0,0,4,0,22
35,0,13,0,0,0,0,0,0,0,0,0,0,0,0,0,9,0,0,19,0,11
36,0,0,2,0,0,0,0,0,0,0,15,0,0,0,10,0,0,0,0,0,0
37,14,0,0,0,0,0,0,0,0,0,21,0,7,0,0,0,0,0,0,0,0
38,0,16,0,0,1,0,0,0,0,0,0,0,0,0,0,0,0,0,0,0,0
39,5,0,0,8,0,0,0,0,0,0,0,0,0,0,0,0,0,6,0,0,0
40,0,0,4,0,18,0,0,0,0,0,0,0,0,17,0,0,0,0,0,0,0
41,0,0,22,0,0,0,0,0,0,3,0,0,0,0,20,0,23,0,0,12,0
42,0,17,0,0,0,0,0,0,0,0,0,0,10,0,0,0,0,19,0,20,0
43,3,0,0,0,0,0,0,0,15,0,0,0,0,0,18,0,0,0,0,0,0
44,0,11,0,2,0,0,0,0,0,0,0,0,0,0,14,0,0,0,0,0,0
45,0,9,0,0,0,0,12,0,0,0,0,0,0,0,0,0,0,0,0,0,0
46,0,22,0,8,0,0,0,0,0,0,0,0,0,0,0,0,5,0,0,0,0
47,0,0,1,0,0,21,0,0,0,0,0,0,0,0,7,0,0,0,0,0,0
48,4,0,0,0,0,0,13,0,0,0,0,0,0,23,0,0,0,0,6,16,0
49,0,10,0,0,0,0,0,0,0,0,0,0,0,0,0,7,0,0,13,19,0
50,0,0,12,0,18,0,0,0,0,0,0,0,0,6,0,0,0,0,0,0,0
51,23,0,0,0,0,0,4,0,0,0,0,0,0,0,17,0,0,0,0,0,0
52,0,11,0,0,0,0,0,0,8,0,0,0,0,0,0,0,0,0,0,0,0
53,0,0,15,0,0,0,0,0,0,14,0,0,0,0,0,0,0,5,0,0,0
54,0,0,22,0,9,0,0,0,0,0,0,0,0,0,20,0,0,0,0,0,0
55,0,2,0,0,1,0,0,0,0,0,0,21,0,0,0,0,0,3,0,16,0
56,0,0,6,0,0,0,0,0,0,0,0,0,13,0,0,0,0,0,17,0,2
57,21,0,0,0,10,0,0,0,0,0,0,0,0,0,0,20,0,0,0,0,0
58,3,0,0,15,0,0,0,0,0,0,0,18,0,0,0,0,0,0,0,0,0
59,19,0,0,0,0,0,22,0,0,0,0,0,0,0,0,0,0,0,0,0,0
60,23,0,0,0,0,0,0,0,4,0,0,0,0,0,0,0,0,12,0,0,0
61,0,0,7,0,0,0,0,16,0,0,0,0,0,5,0,0,0,0,0,0,0
62,0,8,0,0,0,0,0,0,9,0,0,0,0,1,0,0,0,0,11,14,0
63,0,0,9,0,0,0,0,0,0,0,0,0,0,0,23,0,0,0,10,13,0
64,0,0,3,0,0,0,11,0,0,0,0,0,0,6,0,0,0,0,0,0,0
65,0,18,0,0,0,22,0,0,0,0,0,0,0,0,0,12,0,0,0,0,0
66,5,0,0,16,0,0,0,0,0,0,0,0,0,0,0,0,0,0,0,0,0
67,0,7,0,0,0,0,0,0,17,0,0,0,0,0,0,0,0,0,21,0,0
68,0,4,0,8,0,0,0,0,0,0,0,0,0,19,0,0,0,0,0,0,0
69,0,20,0,0,0,0,0,0,15,0,0,0,0,1,0,0,0,2,0,14,0
70,0,4,0,0,0,0,0,0,0,0,0,0,0,0,0,18,10,0,0,7,0
71,0,0,14,0,0,6,0,0,0,0,0,0,0,2,0,0,0,0,0,0,0
72,0,21,0,0,0,0,0,13,0,0,0,0,17,0,0,0,0,0,0,0,0
73,0,0,1,0,0,0,19,0,0,0,0,0,0,0,0,0,0,0,0,0,0
74,12,0,0,0,22,0,0,0,0,0,0,0,0,0,0,0,0,23,0,0,0
75,0,0,20,0,0,15,0,0,0,0,0,0,0,0,0,8,0,0,0,0,0
76,0,0,11,0,0,0,0,0,16,0,0,0,5,0,0,0,0,0,3,9,0
77,0,0,8,0,0,0,0,0,0,0,0,0,0,0,17,0,0,12,0,14,0
78,0,0,18,0,0,0,0,0,0,10,0,0,0,3,0,0,0,0,0,0,0
79,0,0,19,0,0,0,0,0,0,0,1,9,0,0,0,0,0,0,0,0,0
80,0,0,5,0,0,0,0,0,2,0,0,0,0,0,0,0,0,0,0,0,0
81,0,7,0,0,0,0,20,0,0,0,0,0,0,0,0,0,4,0,0,0,0
82,0,15,0,0,6,0,0,0,0,0,0,13,0,0,0,0,0,0,0,0,0
83,0,23,0,22,0,0,0,0,0,0,0,11,0,0,0,0,0,21,0,0,16
84,0,0,19,0,0,0,0,0,0,0,0,0,17,0,0,0,0,0,3,10,0
85,13,0,0,0,0,0,0,0,0,0,6,0,12,0,0,0,0,0,0,0,0
86,0,15,0,0,0,0,0,0,11,0,0,0,0,1,0,0,0,0,0,0,0
87,0,16,0,0,0,0,14,0,0,0,0,0,0,0,0,0,0,0,0,0,0
88,0,0,9,0,0,0,0,0,0,23,0,0,0,0,0,0,0,0,21,0,0
89,0,4,0,20,0,0,0,0,0,0,0,0,0,22,0,0,0,0,0,0,0
90,8,0,0,2,0,0,0,0,0,0,0,0,0,0,5,0,7,0,0,18,0
91,0,13,0,0,0,0,0,0,0,0,0,21,0,0,0,0,0,0,16,0,2
92,0,12,0,0,0,8,0,0,0,0,0,0,0,0,7,0,0,0,0,0,0
93,0,22,0,0,0,0,0,0,0,20,0,19,0,0,0,0,0,0,0,0,0
94,18,0,0,0,0,0,0,5,0,0,0,0,0,0,0,0,0,0,0,0,0
95,0,0,3,0,0,0,1,0,0,0,0,0,0,0,0,0,0,0,6,0,0
96,0,17,0,0,0,0,23,0,0,0,0,0,0,0,0,15,0,0,0,0,0
97,0,11,0,10,0,0,0,0,0,0,0,14,0,0,0,0,0,0,9,0,4
98,7,0,0,0,0,0,0,0,0,0,0,0,3,0,0,0,0,6,0,0,12
99,22,0,0,16,0,0,0,0,0,0,0,0,0,0,20,0,0,0,0,0,0
100,0,0,17,0,13,0,0,0,0,0,0,19,0,0,0,0,0,0,0,0,0
101,0,0,5,0,0,0,0,0,21,0,0,0,0,0,0,0,0,0,0,0,0
102,0,1,0,0,0,0,0,0,0,8,0,0,0,0,0,0,23,0,0,0,0
103,0,15,0,0,0,0,0,0,0,14,0,0,0,0,11,0,0,0,0,0,0
104,0,0,18,0,0,0,0,0,0,0,2,0,0,10,0,0,0,9,0,0,4
105,9,0,0,0,0,0,0,0,0,0,0,0,6,0,0,0,0,0,21,10,0
106,0,0,12,0,0,0,0,0,0,0,7,0,20,0,0,0,0,0,0,0,0
107,15,0,0,0,5,0,0,0,0,0,0,0,0,8,0,0,0,0,0,0,0
108,0,4,0,0,0,0,0,18,0,0,0,0,0,0,0,0,0,0,0,0,0
109,0,0,14,0,0,0,0,0,0,23,0,0,0,0,0,0,0,22,0,0,0
110,13,0,0,0,0,0,0,17,0,0,0,19,0,0,0,0,0,0,0,0,0
111,2,0,0,0,0,0,0,0,0,0,1,0,11,0,0,0,0,3,0,0,16
112,17,0,0,0,0,0,0,0,0,0,0,0,11,0,0,0,12,0,0,22,0
113,0,0,2,0,0,4,0,0,0,0,0,0,23,0,0,0,0,0,0,0,0
114,9,0,0,0,0,0,14,0,0,0,0,19,0,0,0,0,0,0,0,0,0
115,0,0,10,0,5,0,0,0,0,0,0,0,0,0,0,0,0,0,0,0,0
116,0,13,0,0,0,0,3,0,0,0,0,0,0,0,0,0,0,18,0,0,0
117,0,1,0,0,0,0,0,0,0,0,7,0,6,0,0,0,0,0,0,0,0
118,0,20,0,0,0,0,15,0,0,0,0,0,16,0,0,0,0,0,8,21,0
119,0,0,16,0,0,0,0,0,0,0,0,11,0,0,0,0,0,0,9,0,3
120,0,0,1,0,0,15,0,0,0,0,0,0,0,0,0,8,0,0,0,0,0
121,0,2,0,0,0,0,0,18,0,0,0,0,22,0,0,0,0,0,0,0,0
122,7,0,0,0,0,0,0,0,5,0,0,0,0,0,0,0,0,0,0,0,0
123,0,0,23,0,0,0,0,12,0,0,0,0,0,0,0,0,0,0,6,0,0
124,0,4,0,0,0,14,0,0,0,0,0,0,13,0,0,0,0,0,0,0,0
125,10,0,0,0,0,0,21,0,0,0,0,0,0,0,0,19,20,0,0,0,17
126,0,5,0,0,0,0,0,0,0,0,0,6,0,0,0,0,0,0,12,21,0
127,7,0,0,0,0,0,0,0,23,0,0,0,0,0,0,16,0,0,0,0,0
128,0,0,2,20,0,0,0,0,0,0,0,18,0,0,0,0,0,0,0,0,0
129,0,0,10,0,0,0,0,0,17,0,0,0,0,0,0,0,0,0,0,0,0
130,0,11,0,0,0,0,0,19,0,0,0,0,0,0,0,0,0,0,1,0,0
131,0,22,0,15,0,0,0,0,0,0,0,0,0,3,0,0,0,0,0,0,0
132,0,9,0,0,0,0,0,0,13,0,0,0,0,0,14,0,0,0,8,0,4
133,0,0,9,0,0,0,0,0,0,0,0,0,0,0,0,19,10,0,0,0,3
134,17,0,0,0,0,0,20,0,0,0,0,0,5,0,0,0,0,0,0,0,0
135,18,0,0,0,0,7,0,0,0,0,0,0,23,0,0,0,0,0,0,0,0
136,6,0,0,0,0,0,1,0,0,0,0,0,0,0,0,0,0,0,0,0,0
137,0,0,11,0,0,0,0,0,0,13,0,0,0,0,0,0,15,0,0,0,0
138,22,0,0,0,0,0,0,0,0,21,0,0,0,16,0,0,0,0,0,0,0
139,4,0,0,0,0,0,14,0,0,0,0,0,0,0,0,8,0,2,0,0,12
140,0,0,5,0,0,0,0,0,0,0,0,0,0,9,0,0,14,0,0,0,12
141,8,0,0,0,10,0,0,0,0,0,0,0,0,19,0,0,0,0,0,0,0
142,23,0,0,0,0,0,0,21,0,0,0,0,0,0,0,13,0,0,0,0,0
143,0,0,1,0,0,2,0,0,0,0,0,0,0,0,0,0,0,0,0,0,0
144,0,0,15,0,0,0,0,0,0,11,0,0,0,0,0,0,16,0,0,0,0
145,0,0,6,0,0,4,0,0,0,0,0,18,0,0,0,0,0,0,0,0,0
146,22,0,0,0,0,0,0,0,0,7,0,0,0,0,17,0,3,0,0,0,20
147,0,17,0,0,0,0,0,0,0,0,0,0,20,0,0,0,6,0,0,0,23
148,0,0,4,0,0,15,0,0,0,0,0,0,0,0,14,0,0,0,0,0,0
149,1,0,0,0,0,0,0,8,0,0,0,11,0,0,0,0,0,0,0,0,0
150,0,10,0,0,0,0,12,0,0,0,0,0,0,0,0,0,0,0,0,0,0
151,2,0,0,0,0,0,0,3,0,0,0,0,0,0,0,0,0,21,0,0,0
152,0,13,0,0,0,0,0,0,7,0,0,0,0,22,0,0,0,0,0,0,0
153,0,18,0,19,0,0,0,0,0,0,0,16,0,0,0,0,9,0,0,5,0
154,0,23,0,0,0,0,0,0,0,0,0,9,0,0,0,0,20,0,0,0,3
155,0,0,6,0,0,0,7,0,0,0,0,0,22,0,0,0,0,0,0,0,0
156,0,0,13,0,4,0,0,0,0,0,0,0,0,0,5,0,0,0,0,0,0
157,12,0,0,0,0,0,8,0,0,0,0,0,0,0,0,0,0,0,0,0,0
158,0,19,0,0,0,0,0,14,0,0,0,0,0,0,0,0,0,10,0,0,0
159,11,0,0,0,0,0,0,0,16,0,0,2,0,0,0,0,0,0,0,0,0
160,18,0,0,0,0,0,17,0,0,0,0,0,0,0,0,21,0,1,0,0,15
161,8,0,0,0,0,0,0,0,0,0,0,0,0,0,0,16,0,20,0,0,5
162,0,0,10,0,0,0,0,0,9,0,0,0,0,0,0,11,0,0,0,0,0
163,3,0,0,0,7,0,0,0,0,0,0,1,0,0,0,0,0,0,0,0,0
164,18,0,0,0,0,0,0,0,0,0,21,0,0,0,0,0,0,0,0,0,0
165,0,19,0,0,0,0,0,17,0,0,0,0,0,0,0,0,13,0,0,0,0
166,0,0,4,0,2,0,0,0,0,0,0,12,0,0,0,0,0,0,0,0,0
167,22,0,0,15,0,0,0,0,0,0,0,0,0,0,14,0,0,6,0,23,0
168,21,0,0,0,0,0,0,0,0,0,0,0,0,12,0,0,0,14,0,13,0
169,10,0,0,0,0,0,0,4,0,0,0,0,0,0,18,0,0,0,0,0,0
170,22,0,0,0,0,0,0,0,0,20,0,0,0,0,0,3,0,0,0,0,0
171,0,0,23,0,0,0,0,0,0,6,0,0,0,0,0,0,0,0,0,0,0
172,0,1,0,0,0,0,0,0,17,0,0,0,0,0,0,0,0,0,11,0,0
173,16,0,0,0,0,0,0,0,0,7,0,0,0,0,0,8,0,0,0,0,0
174,0,0,2,0,0,0,0,0,0,0,15,0,9,0,0,0,19,0,0,5,0
175,0,0,16,0,0,0,0,0,0,0,0,0,0,10,0,0,0,0,22,8,0
176,0,0,4,0,0,1,0,0,0,0,0,0,0,14,0,0,0,0,0,0,0
177,5,0,0,0,0,0,0,0,3,0,0,0,0,0,11,0,0,0,0,0,0
178,0,0,19,0,0,0,0,0,17,0,0,0,0,0,0,0,0,0,0,0,0
179,0,0,15,21,0,0,0,0,0,0,0,0,0,0,0,0,0,20,0,0,0
180,0,0,13,0,0,7,0,0,0,0,0,0,0,2,0,0,0,0,0,0,0
181,6,0,0,23,0,0,0,0,0,0,0,0,0,0,18,0,9,0,0,12,0
182,0,2,0,0,0,0,0,0,0,0,0,0,0,0,7,0,0,19,0,17,0
183,10,0,0,0,0,0,0,0,0,15,0,0,0,16,0,0,0,0,0,0,0
184,13,0,0,0,0,0,0,0,5,0,0,0,0,14,0,0,0,0,0,0,0
185,21,0,0,0,0,0,0,0,9,0,0,0,0,0,0,0,0,0,0,0,0
186,4,0,0,0,0,0,0,0,12,0,0,0,0,0,0,0,6,0,0,0,0
187,3,0,0,0,20,0,0,0,0,0,0,0,0,0,0,11,0,0,0,0,0
188,0,0,8,22,0,0,0,0,0,0,0,0,0,18,0,0,0,0,1,23,0
189,0,0,11,0,0,0,0,0,0,0,0,0,8,0,0,0,0,0,13,0,19
190,17,0,0,0,0,0,0,0,2,0,0,0,22,0,0,0,0,0,0,0,0
191,0,23,0,18,0,0,0,0,0,0,0,6,0,0,0,0,0,0,0,0,0
192,0,1,0,0,0,0,0,4,0,0,0,0,0,0,0,0,0,0,0,0,0
193,0,0,15,0,9,0,0,0,0,0,0,0,0,0,0,0,0,0,14,0,0
194,7,0,0,0,0,0,0,0,12,0,0,0,20,0,0,0,0,0,0,0,0
195,0,0,5,0,0,0,0,0,0,0,10,0,0,0,16,0,0,3,0,21,0
196,0,22,0,0,0,0,0,0,0,0,0,0,0,0,23,0,0,19,0,0,8
197,0,0,11,0,0,0,0,0,4,0,0,0,0,10,0,0,0,0,0,0,0
198,0,7,0,0,9,0,0,0,0,0,0,0,0,0,14,0,0,0,0,0,0
199,13,0,0,0,0,0,18,0,0,0,0,0,0,0,0,0,0,0,0,0,0
200,16,0,0,0,15,0,0,0,0,0,0,0,0,0,0,0,0,6,0,0,0
201,0,0,1,0,0,0,0,0,0,2,0,0,0,0,3,0,0,0,0,0,0
202,0,0,12,0,0,0,17,0,0,0,0,0,0,0,0,5,0,20,0,0,21
203,0,3,0,0,0,0,0,0,0,0,0,0,0,4,0,0,0,21,0,0,16
204,0,0,10,0,20,0,0,0,0,0,0,0,0,0,5,0,0,0,0,0,0
205,0,15,0,0,7,0,0,0,0,0,0,0,22,0,0,0,0,0,0,0,0
206,0,11,0,0,0,6,0,0,0,0,0,0,0,0,0,0,0,0,0,0,0
207,0,0,13,0,2,0,0,0,0,0,0,0,0,0,0,0,0,0,14,0,0
208,1,0,0,0,0,18,0,0,0,0,0,0,0,0,9,0,0,0,0,0,0
209,12,0,0,0,0,0,0,0,0,0,8,19,0,0,0,0,0,23,0,0,17
210,0,3,0,0,0,0,0,0,0,0,0,0,0,17,0,0,22,0,0,4,0
211,20,0,0,0,0,0,0,0,18,0,0,0,0,5,0,0,0,0,0,0,0
212,14,0,0,0,0,0,8,0,0,0,0,19,0,0,0,0,0,0,0,0,0
213,0,0,10,0,0,0,0,0,13,0,0,0,0,0,0,0,0,0,0,0,0
214,9,0,0,0,0,0,0,0,16,0,0,0,0,0,0,0,0,0,2,0,0
215,0,0,23,0,0,0,0,0,7,0,0,0,0,1,0,0,0,0,0,0,0
216,12,0,0,0,0,0,0,0,0,0,15,0,11,0,0,0,0,6,0,21,0
217,0,0,22,0,0,0,0,0,0,0,0,19,0,0,0,0,0,7,0,0,23
218,0,0,20,0,0,6,0,0,0,0,0,0,0,0,0,1,0,0,0,0,0
219,9,0,0,0,0,0,10,0,0,0,0,12,0,0,0,0,0,0,0,0,0
220,0,13,0,0,0,0,0,16,0,0,0,0,0,0,0,0,0,0,0,0,0
221,0,0,14,0,0,21,0,0,0,0,0,0,0,0,0,0,0,5,0,0,0
222,0,15,0,0,0,0,0,0,0,0,3,0,18,0,0,0,0,0,0,0,0
223,0,4,0,0,8,0,0,0,0,0,0,0,0,0,11,0,0,0,17,0,2
224,0,17,0,0,0,0,0,0,0,0,0,0,0,0,10,0,0,0,2,0,9
225,18,0,0,0,0,3,0,0,0,0,0,7,0,0,0,0,0,0,0,0,0
226,0,23,0,0,21,0,0,0,0,0,0,0,0,8,0,0,0,0,0,0,0
227,0,4,0,6,0,0,0,0,0,0,0,0,0,0,0,0,0,0,0,0,0
228,15,0,0,20,0,0,0,0,0,0,0,0,0,0,0,0,16,0,0,0,0
229,0,0,5,0,0,0,0,0,0,0,11,1,0,0,0,0,0,0,0,0,0
230,0,0,14,0,22,0,0,0,0,0,0,0,0,19,0,0,0,12,0,13,0
231,0,17,0,0,0,0,0,0,0,0,0,0,0,0,16,0,0,5,0,2,0
232,6,0,0,0,0,0,0,0,3,0,0,11,0,0,0,0,0,0,0,0,0
233,0,0,21,0,0,0,0,0,0,8,0,0,0,13,0,0,0,0,0,0,0
234,0,7,0,0,0,0,0,0,4,0,0,0,0,0,0,0,0,0,0,0,0
235,1,0,0,0,0,0,0,0,0,20,0,0,0,0,0,0,12,0,0,0,0
236,15,0,0,0,0,19,0,0,0,0,0,0,0,0,23,0,0,0,0,0,0
237,0,9,0,0,0,0,0,0,0,0,18,0,0,14,0,0,0,0,10,22,0
238,0,10,0,0,0,0,0,0,0,0,0,0,0,0,0,6,3,0,0,8,0
239,0,20,0,18,0,0,0,0,0,0,0,0,5,0,0,0,0,0,0,0,0
240,0,0,7,2,0,0,0,0,0,0,0,0,0,0,0,12,0,0,0,0,0
241,0,21,0,0,0,0,0,0,0,23,0,0,0,0,0,0,0,0,0,0,0
242,15,0,0,0,16,0,0,0,0,0,0,0,0,0,0,0,11,0,0,0,0
243,0,0,1,0,0,0,0,4,0,0,0,0,0,17,0,0,0,0,0,0,0
244,0,9,0,14,0,0,0,0,0,0,0,19,0,0,0,0,0,0,13,0,22
245,18,0,0,0,0,0,0,0,0,0,0,20,0,0,0,0,8,0,0,23,0
246,0,9,0,0,0,0,0,11,0,0,0,0,0,0,21,0,0,0,0,0,0
247,6,0,0,0,0,2,0,0,0,0,0,0,0,0,5,0,0,0,0,0,0
248,0,0,15,0,0,0,0,0,22,0,0,0,0,0,0,0,0,0,0,0,0
249,0,14,0,0,0,0,0,0,0,0,19,0,0,0,0,0,10,0,0,0,0
250,0,3,0,0,0,7,0,0,0,0,0,0,0,12,0,0,0,0,0,0,0
251,0,1,0,0,0,0,0,0,16,0,0,0,0,13,0,0,0,0,4,17,0
252,0,0,10,0,0,0,0,0,0,0,0,0,0,23,0,0,0,0,9,13,0
253,0,6,0,0,0,0,21,0,0,0,0,2,0,0,0,0,0,0,0,0,0
254,15,0,0,0,0,0,18,0,0,0,0,0,16,0,0,0,0,0,0,0,0
255,0,8,0,0,7,0,0,0,0,0,0,0,0,0,0,0,0,0,0,0,0
256,0,19,0,12,0,0,0,0,0,0,0,0,0,0,0,0,0,1,0,0,0
257,0,14,0,0,0,0,0,0,0,0,11,0,0,0,0,4,0,0,0,0,0
258,3,0,0,0,0,0,0,0,22,0,0,20,0,0,0,0,17,0,0,5,0
259,0,0,2,0,0,0,0,0,0,0,0,14,0,0,0,0,12,0,0,20,0
260,17,0,0,0,18,0,0,0,0,0,0,0,0,9,0,0,0,0,0,0,0
261,0,0,4,0,0,0,0,10,0,0,0,0,0,3,0,0,0,0,0,0,0
262,0,16,0,0,0,0,0,0,8,0,0,0,0,0,0,0,0,0,0,0,0
263,0,0,21,0,0,0,0,0,22,0,0,0,0,0,0,0,0,19,0,0,0
264,5,0,0,0,0,0,0,0,0,1,0,23,0,0,0,0,0,0,0,0,0
265,0,15,0,0,0,0,0,0,0,0,7,6,0,0,0,0,13,0,0,11,0
266,5,0,0,0,0,0,0,0,0,0,0,0,3,0,0,0,0,0,14,0,8
267,4,0,0,0,0,0,0,1,0,0,0,0,0,16,0,0,0,0,0,0,0
268,20,0,0,0,0,0,0,0,0,13,0,0,0,0,22,0,0,0,0,0,0
269,11,0,0,0,0,0,0,0,18,0,0,0,0,0,0,0,0,0,0,0,0
270,12,0,0,0,0,0,0,0,0,0,19,0,0,0,0,0,0,0,2,0,0
271,0,7,0,0,0,0,0,10,0,0,0,0,0,0,0,9,0,0,0,0,0
272,0,0,21,0,17,0,0,0,0,0,0,0,0,0,0,6,23,0,0,0,15
273,0,0,1,0,0,0,0,0,0,0,0,0,0,19,0,0,0,4,0,0,20
274,0,0,16,0,0,0,5,0,0,0,0,0,0,21,0,0,0,0,0,0,0
275,8,0,0,0,0,0,0,0,0,11,0,2,0,0,0,0,0,0,0,0,0
276,22,0,0,0,0,18,0,0,0,0,0,0,0,0,0,0,0,0,0,0,0
277,0,0,9,0,0,0,0,0,0,12,0,0,0,0,0,0,0,6,0,0,0
278,7,0,0,0,0,0,0,0,0,0,13,0,0,0,0,10,0,0,0,0,0
279,0,15,0,0,0,0,3,0,0,0,0,0,0,0,17,0,0,23,0,14,0
280,0,7,0,0,0,0,0,0,0,0,0,0,0,0,17,0,0,0,18,19,0
281,2,0,0,0,0,0,0,0,0,11,0,0,0,10,0,0,0,0,0,0,0
282,0,0,12,0,0,23,0,0,0,0,0,0,0,0,14,0,0,0,0,0,0
283,0,0,16,0,6,0,0,0,0,0,0,0,0,0,0,0,0,0,0,0,0
284,0,0,4,0,15,0,0,0,0,0,0,0,0,0,0,0,0,5,0,0,0
285,20,0,0,0,0,0,0,0,0,0,21,0,1,0,0,0,0,0,0,0,0
286,0,0,8,0,0,0,0,0,3,0,0,0,0,0,22,0,0,13,0,9,0
287,22,0,0,0,0,0,0,0,0,0,0,0,0,0,0,8,0,0,4,0,13
288,0,0,7,0,0,1,0,0,0,0,0,0,3,0,0,0,0,0,0,0,0
289,19,0,0,18,0,0,0,0,0,0,0,0,0,0,0,9,0,0,0,0,0
290,12,0,0,0,0,0,21,0,0,0,0,0,0,0,0,0,0,0,0,0,0
291,10,0,0,0,0,0,0,0,0,6,0,0,0,0,0,0,0,0,17,0,0
292,15,0,0,0,0,0,0,0,0,0,16,0,0,5,0,0,0,0,0,0,0
293,0,2,0,0,0,0,0,0,11,0,0,14,0,0,0,0,0,0,20,0,23
294,0,4,0,0,0,0,0,0,0,0,0,0,10,0,0,0,2,0,0,0,6
295,0,9,0,0,0,0,19,0,0,0,0,0,0,20,0,0,0,0,0,0,0
296,21,0,0,0,0,0,0,0,0,1,0,0,0,0,0,3,0,0,0,0,0
297,7,0,0,0,0,18,0,0,0,0,0,0,0,0,0,0,0,0,0,0,0
298,0,14,0,23,0,0,0,0,0,0,0,0,0,0,0,0,17,0,0,0,0
299,16,0,0,0,0,0,0,0,13,0,0,0,8,0,0,0,0,0,0,0,0
300,12,0,0,0,0,0,0,0,0,0,5,0,22,0,0,0,11,0,0,15,0
301,0,2,0,0,0,0,0,0,0,0,0,0,0,15,0,0,0,0,8,0,6
302,23,0,0,0,0,0,0,0,20,0,0,0,0,0,13,0,0,0,0,0,0
303,0,0,17,0,0,0,0,0,0,0,5,0,0,9,0,0,0,0,0,0,0
304,0,0,7,0,0,0,0,11,0,0,0,0,0,0,0,0,0,0,0,0,0
305,0,22,0,0,0,1,0,0,0,0,0,0,0,0,0,0,21,0,0,0,0
306,0,19,0,0,0,0,18,0,0,0,0,0,0,0,16,0,0,0,0,0,0
307,4,0,0,14,0,0,0,0,0,0,0,0,0,0,0,10,12,0,0,0,3
308,6,0,0,0,0,0,0,0,0,0,0,0,0,0,0,8,7,0,0,0,12
309,0,0,20,0,0,0,0,22,0,0,0,0,0,11,0,0,0,0,0,0,0
310,13,0,0,23,0,0,0,0,0,0,0,0,0,0,0,4,0,0,0,0,0
311,0,10,0,0,0,1,0,0,0,0,0,0,0,0,0,0,0,0,0,0,0
312,0,0,19,0,0,9,0,0,0,0,0,0,0,0,0,0,14,0,0,0,0
313,0,2,0,0,0,0,0,0,17,0,0,0,0,0,0,18,0,0,0,0,0
314,0,3,0,0,0,21,0,0,0,0,0,15,0,0,0,0,0,5,0,0,16
315,0,0,17,0,0,0,0,0,0,0,0,0,0,0,0,3,0,0,21,0,19
316,16,0,0,0,0,0,0,0,0,0,7,0,0,0,0,9,0,0,0,0,0
317,10,0,0,0,0,0,0,14,0,0,0,0,5,0,0,0,0,0,0,0,0
318,0,11,0,0,0,0,0,6,0,0,0,0,0,0,0,0,0,0,0,0,0
319,0,2,0,0,0,0,12,0,0,0,0,0,0,0,0,0,0,20,0,0,0
320,0,0,4,0,0,0,0,0,8,0,0,18,0,0,0,0,0,0,0,0,0
321,15,0,0,0,0,0,0,0,23,0,0,0,22,0,0,0,1,0,0,13,0
322,3,0,0,0,0,0,0,0,0,0,0,0,22,0,0,0,12,0,0,0,18
323,0,8,0,0,0,0,0,0,0,17,0,19,0,0,0,0,0,0,0,0,0
324,0,21,0,0,0,0,7,0,0,0,0,0,0,0,4,0,0,0,0,0,0
325,0,2,0,0,0,0,0,0,0,11,0,0,0,0,0,0,0,0,0,0,0
326,0,1,0,0,0,0,0,23,0,0,0,0,0,0,0,0,0,0,6,0,0
327,0,0,9,13,0,0,0,0,0,0,0,0,0,0,0,14,0,0,0,0,0
328,0,20,0,0,0,16,0,0,0,0,0,0,5,0,0,0,0,0,15,10,0
329,14,0,0,0,0,0,0,0,0,0,0,0,0,0,0,23,0,20,0,0,6
330,0,17,0,2,0,0,0,0,0,0,0,0,0,0,0,5,0,0,0,0,0
331,16,0,0,0,3,0,0,0,0,0,0,0,0,0,0,10,0,0,0,0,0
332,0,4,0,0,0,0,21,0,0,0,0,0,0,0,0,0,0,0,0,0,0
333,0,7,0,0,0,0,0,19,0,0,0,0,0,0,0,0,9,0,0,0,0
334,0,0,12,0,0,0,0,0,0,8,0,0,18,0,0,0,0,0,0,0,0
335,0,1,0,13,0,0,0,0,0,0,0,11,0,0,0,0,0,22,0,0,15
336,0,4,0,0,0,0,0,0,0,0,0,0,0,0,0,21,7,0,0,11,0
337,0,13,0,0,0,0,0,0,0,12,0,0,0,0,0,2,0,0,0,0,0
338,0,0,10,0,0,0,0,0,9,0,0,16,0,0,0,0,0,0,0,0,0
339,0,20,0,17,0,0,0,0,0,0,0,0,0,0,0,0,0,0,0,0,0
340,18,0,0,0,0,0,0,3,0,0,0,0,0,0,0,0,1,0,0,0,0
341,5,0,0,0,0,0,0,0,8,0,0,0,19,0,0,0,0,0,0,0,0
342,0,0,23,14,0,0,0,0,0,0,0,15,0,0,0,0,22,0,0,0,6
343,0,4,0,0,0,0,0,0,0,0,0,0,0,14,0,0,0,17,0,0,16
344,10,0,0,0,0,0,6,0,0,0,0,8,0,0,0,0,0,0,0,0,0
345,15,0,0,2,0,0,0,0,0,0,0,0,0,0,0,12,0,0,0,0,0
346,0,0,1,0,0,0,0,0,7,0,0,0,0,0,0,0,0,0,0,0,0
347,0,0,13,0,0,19,0,0,0,0,0,0,0,0,0,0,0,18,0,0,0
348,0,0,21,0,0,0,0,0,0,0,5,0,0,0,3,0,0,0,0,0,0
349,0,23,0,0,0,0,0,11,0,0,0,9,0,0,0,0,0,22,0,20,0
350,0,21,0,0,0,0,0,0,0,0,0,0,0,0,0,6,0,0,5,0,1
351,0,17,0,16,0,0,0,0,0,0,0,23,0,0,0,0,0,0,0,0,0
352,11,0,0,0,20,0,0,0,0,0,0,10,0,0,0,0,0,0,0,0,0
353,0,4,0,0,0,0,0,0,22,0,0,0,0,0,0,0,0,0,0,0,0
354,0,0,2,0,0,0,0,3,0,0,0,0,0,0,0,0,13,0,0,0,0
355,8,0,0,0,0,0,0,0,0,7,0,0,0,0,15,0,0,0,0,0,0
356,9,0,0,0,0,0,0,14,0,0,0,0,18,0,0,0,0,0,12,0,19
357,23,0,0,0,0,0,0,0,0,0,0,16,0,0,0,0,0,0,9,0,13
358,5,0,0,0,0,3,0,0,0,0,0,0,0,0,0,11,0,0,0,0,0
359,14,0,0,0,0,22,0,0,0,0,0,2,0,0,0,0,0,0,0,0,0
360,0,0,12,0,0,0,0,21,0,0,0,0,0,0,0,0,0,0,0,0,0
361,18,0,0,0,0,0,0,4,0,0,0,0,0,0,0,0,0,0,7,0,0
362,0,0,1,0,0,15,0,0,0,0,0,17,0,0,0,0,0,0,0,0,0
363,0,0,6,0,0,0,0,8,0,0,0,0,20,0,0,0,0,0,10,0,19
364,9,0,0,0,0,0,0,0,0,0,0,0,0,0,0,5,8,0,0,0,2
365,0,0,21,0,0,0,0,0,10,0,0,0,0,0,0,7,0,0,0,0,0
366,20,0,0,0,0,16,0,0,0,0,0,0,0,0,0,12,0,0,0,0,0
367,0,17,0,0,0,0,23,0,0,0,0,0,0,0,0,0,0,0,0,0,0
368,6,0,0,0,0,0,0,14,0,0,0,0,0,0,0,0,0,0,15,0,0
369,0,18,0,0,0,0,0,0,22,0,0,11,0,0,0,0,0,0,0,0,0
370,0,0,13,0,0,0,0,0,0,3,0,19,0,0,0,0,0,0,4,1,0
371,16,0,0,0,0,0,0,0,0,0,0,0,0,19,0,0,0,0,6,0,1
372,0,0,20,0,0,0,22,0,0,0,0,12,0,0,0,0,0,0,0,0,0
373,13,0,0,0,0,0,0,0,3,0,0,0,15,0,0,0,0,0,0,0,0
374,4,0,0,0,0,0,0,0,0,0,11,0,0,0,0,0,0,0,0,0,0
375,0,7,0,0,9,0,0,0,0,0,0,0,0,0,0,0,21,0,0,0,0
376,17,0,0,0,0,0,23,0,0,0,0,8,0,0,0,0,0,0,0,0,0
377,14,0,0,0,0,0,0,2,0,0,0,0,0,10,0,0,18,0,0,5,0
378,0,0,23,0,0,0,0,0,0,0,0,0,0,0,0,6,0,1,0,0,14
379,0,21,0,0,0,0,0,0,17,0,0,0,0,0,0,8,0,0,0,0,0
380,0,0,4,0,0,0,0,0,0,0,2,13,0,0,0,0,0,0,0,0,0
381,0,20,0,16,0,0,0,0,0,0,0,0,0,0,0,0,0,0,0,0,0
382,0,0,18,0,0,0,0,0,0,3,0,0,0,0,0,0,11,0,0,0,0
383,0,7,0,0,0,22,0,0,0,0,0,0,10,0,0,0,0,0,0,0,0
384,5,0,0,0,0,0,0,0,0,0,19,9,0,0,0,0,0,12,0,15,0
385,0,8,0,0,0,0,0,0,0,0,0,0,0,0,2,0,0,0,21,0,9
386,0,0,17,0,0,0,0,0,6,0,0,0,22,0,0,0,0,0,0,0,0
387,0,0,23,0,0,0,0,0,0,1,0,16,0,0,0,0,0,0,0,0,0
388,0,0,18,0,0,0,0,14,0,0,0,0,0,0,0,0,0,0,0,0,0
389,0,11,0,0,10,0,0,0,0,0,0,0,0,0,0,0,0,12,0,0,0
390,19,0,0,0,0,0,0,0,0,7,0,0,0,0,15,0,0,0,0,0,0
391,0,0,20,4,0,0,0,0,0,0,0,5,0,0,0,0,3,0,0,0,13
392,14,0,0,0,0,0,0,0,0,0,0,0,0,0,0,12,0,13,0,6,0
393,15,0,0,0,0,0,9,0,0,0,0,0,0,5,0,0,0,0,0,0,0
394,0,0,7,0,0,1,0,0,0,0,0,0,0,0,0,17,0,0,0,0,0
395,0,0,3,0,0,0,0,0,0,0,19,0,0,0,0,0,0,0,0,0,0
396,0,0,18,23,0,0,0,0,0,0,0,0,0,0,0,0,20,0,0,0,0
397,0,11,0,0,0,0,0,0,0,0,21,10,0,0,0,0,0,0,0,0,0
398,0,0,4,0,8,0,0,0,0,0,0,0,0,22,0,0,0,0,2,16,0
399,0,0,2,0,0,0,0,0,0,0,0,0,0,0,7,0,0,0,9,1,0
400,0,19,0,0,0,0,0,22,0,0,0,0,0,5,0,0,0,0,0,0,0
401,8,0,0,0,0,0,0,0,0,16,0,0,0,0,4,0,0,0,0,0,0
402,0,10,0,0,21,0,0,0,0,0,0,0,0,0,0,0,0,0,0,0,0
403,0,3,0,0,0,0,0,20,0,0,0,0,0,0,0,0,23,0,0,0,0
404,0,0,11,0,0,0,0,14,0,0,0,0,12,0,0,0,0,0,0,0,0
405,15,0,0,0,0,0,0,18,0,0,0,6,0,0,0,0,0,17,0,13,0
406,0,0,5,0,0,0,0,0,0,0,0,0,0,0,17,0,0,0,22,0,11
407,0,0,23,6,0,0,0,0,0,0,0,0,0,0,12,0,0,0,0,0,0
408,0,0,7,0,0,0,0,1,0,0,0,0,13,0,0,0,0,0,0,0,0
409,0,2,0,0,8,0,0,0,0,0,0,0,0,0,0,0,0,0,0,0,0
410,0,3,0,0,0,18,0,0,0,0,0,0,0,0,0,0,0,15,0,0,0
411,0,0,14,20,0,0,0,0,0,0,0,0,0,0,0,10,0,0,0,0,0
412,0,0,16,0,4,0,0,0,0,0,0,0,0,0,21,0,0,9,0,0,19
413,12,0,0,0,0,0,0,0,0,0,0,0,0,0,4,0,0,7,0,3,0
414,22,0,0,0,0,0,0,5,0,0,0,0,0,0,16,0,0,0,0,0,0
415,0,6,0,0,8,0,0,0,0,0,0,0,0,0,0,11,0,0,0,0,0
416,20,0,0,0,0,0,0,0,0,17,0,0,0,0,0,0,0,0,0,0,0
417,0,19,0,21,0,0,0,0,0,0,0,0,0,0,0,0,0,0,1,0,0
418,10,0,0,0,0,0,18,0,0,0,0,0,0,2,0,0,0,0,0,0,0
419,13,0,0,0,0,0,0,0,0,9,0,0,0,0,0,15,0,0,23,0,14
420,0,0,15,0,0,0,0,0,0,0,0,0,0,0,18,0,0,23,0,3,0
421,2,0,0,0,0,0,10,0,0,0,0,0,5,0,0,0,0,0,0,0,0
422,0,0,19,0,0,0,0,8,0,0,0,0,20,0,0,0,0,0,0,0,0
423,0,21,0,0,0,0,0,0,0,1,0,0,0,0,0,0,0,0,0,0,0
424,7,0,0,0,0,0,0,0,0,0,22,0,0,0,0,0,9,0,0,0,0
425,0,0,14,0,0,0,0,0,0,0,6,0,0,0,12,0,0,0,0,0,0
426,0,11,0,0,0,0,0,0,16,0,0,13,0,0,0,0,4,0,0,17,0
427,0,10,0,0,0,0,0,0,0,0,0,0,0,0,0,14,0,8,0,23,0
428,0,6,0,0,0,0,0,0,0,5,0,0,13,0,0,0,0,0,0,0,0
429,0,0,2,0,12,0,0,0,0,0,0,0,0,4,0,0,0,0,0,0,0
430,22,0,0,0,0,0,0,0,0,0,1,0,0,0,0,0,0,0,0,0,0
431,0,19,0,0,0,0,0,0,18,0,0,0,0,0,0,0,9,0,0,0,0
432,0,0,11,0,0,0,0,0,17,0,0,0,0,15,0,0,0,0,0,0,0
433,0,3,0,16,0,0,0,0,0,0,0,0,21,0,0,0,7,0,0,0,20
434,18,0,0,0,0,0,0,0,0,0,0,0,0,0,0,15,0,0,21,6,0
435,0,0,5,0,2,0,0,0,0,0,0,0,8,0,0,0,0,0,0,0,0
436,0,0,10,0,0,0,0,0,1,0,0,0,0,7,0,0,0,0,0,0,0
437,9,0,0,0,0,0,0,0,0,0,4,0,0,0,0,0,0,0,0,0,0
438,0,0,22,0,0,0,0,0,19,0,0,0,0,0,0,0,0,0,20,0,0
439,0,16,0,0,0,14,0,0,0,0,0,0,0,0,0,12,0,0,0,0,0
440,0,0,13,0,3,0,0,0,0,0,0,0,0,11,0,0,0,0,17,23,0
441,0,12,0,0,0,0,0,0,0,0,0,0,0,4,0,0,0,23,0,1,0
442,0,17,0,0,0,0,0,0,0,0,21,2,0,0,0,0,0,0,0,0,0
443,0,0,22,6,0,0,0,0,0,0,0,0,0,0,0,16,0,0,0,0,0
444,0,7,0,0,0,0,10,0,0,0,0,0,0,0,0,0,0,0,0,0,0
445,0,19,0,0,0,0,0,0,0,0,15,0,0,0,0,0,0,0,14,0,0
446,20,0,0,0,0,0,3,0,0,0,0,0,0,0,18,0,0,0,0,0,0
447,0,5,0,0,0,0,0,0,0,0,13,0,0,0,0,9,0,0,11,0,8
448,0,0,16,0,0,0,0,0,0,0,0,0,0,0,23,0,0,0,2,19,0
449,0,0,17,0,0,0,0,0,0,0,13,0,0,5,0,0,0,0,0,0,0
450,0,21,0,0,0,0,0,14,0,0,0,0,0,0,0,12,0,0,0,0,0
451,0,4,0,0,0,0,0,7,0,0,0,0,0,0,0,0,0,0,0,0,0
452,20,0,0,0,0,18,0,0,0,0,0,0,0,0,0,0,3,0,0,0,0
453,15,0,0,8,0,0,0,0,0,0,0,0,0,0,0,6,0,0,0,0,0
454,0,0,22,1,0,0,0,0,0,0,0,0,0,0,0,10,0,0,9,0,11
455,0,0,17,0,0,0,0,0,0,0,0,0,0,16,0,0,12,0,0,19,0
456,11,0,0,0,0,0,0,0,0,0,1,0,22,0,0,0,0,0,0,0,0
457,0,21,0,0,9,0,0,0,0,0,0,7,0,0,0,0,0,0,0,0,0
458,0,0,13,0,0,0,0,0,0,4,0,0,0,0,0,0,0,0,0,0,0
459,0,0,5,0,0,0,10,0,0,0,0,0,0,0,0,0,0,0,23,0,0
460,0,0,18,0,0,0,0,0,0,0,15,0,0,3,0,0,0,0,0,0,0
461,0,0,14,8,0,0,0,0,0,0,0,6,0,0,0,0,0,2,0,0,20
462,17,0,0,0,0,0,0,0,0,0,0,0,15,0,0,0,1,0,0,0,18
463,0,0,12,0,3,0,0,0,0,0,0,20,0,0,0,0,0,0,0,0,0
464,2,0,0,0,0,0,0,0,0,14,0,7,0,0,0,0,0,0,0,0,0
465,22,0,0,0,0,0,13,0,0,0,0,0,0,0,0,0,0,0,0,0,0
466,0,0,8,0,5,0,0,0,0,0,0,0,0,0,0,0,11,0,0,0,0
467,0,0,19,0,0,0,0,6,0,0,0,0,0,4,0,0,0,0,0,0,0
468,0,16,0,23,0,0,0,0,0,0,0,0,0,21,0,0,0,0,10,9,0
469,0,6,0,0,0,0,0,0,0,0,0,4,0,0,0,0,13,0,0,23,0
470,0,5,0,0,0,0,0,21,0,0,0,0,0,22,0,0,0,0,0,0,0
471,18,0,0,0,0,14,0,0,0,0,0,0,0,0,1,0,0,0,0,0,0
472,0,0,17,9,0,0,0,0,0,0,0,0,0,0,0,0,0,0,0,0,0
473,16,0,0,0,0,10,0,0,0,0,0,0,0,0,0,0,2,0,0,0,0
474,3,0,0,15,0,0,0,0,0,0,0,0,0,0,11,0,0,0,0,0,0
475,0,8,0,0,0,0,0,0,0,20,0,0,0,0,19,0,0,7,0,12,0
476,16,0,0,0,0,0,0,0,0,0,0,1,0,0,0,0,22,0,0,17,0
477,0,2,0,0,0,0,0,0,0,9,0,0,0,0,0,7,0,0,0,0,0
478,11,0,0,0,0,4,0,0,0,0,0,20,0,0,0,0,0,0,0,0,0
479,12,0,0,10,0,0,0,0,0,0,0,0,0,0,0,0,0,0,0,0,0
480,0,0,15,0,0,0,0,0,0,3,0,0,0,0,0,0,23,0,0,0,0
481,19,0,0,0,0,0,6,0,0,0,0,0,18,0,0,0,0,0,0,0,0
482,8,0,0,13,0,0,0,0,0,0,0,0,5,0,0,0,21,0,0,0,14
483,0,0,5,0,0,0,0,0,0,0,0,0,13,0,0,0,0,18,0,6,0
484,0,11,0,0,0,0,0,9,0,0,0,0,0,0,21,0,0,0,0,0,0
485,0,15,0,0,20,0,0,0,0,0,0,0,0,0,0,10,0,0,0,0,0
486,0,0,8,0,0,0,0,0,12,0,0,0,0,0,0,0,0,0,0,0,0
487,22,0,0,0,0,2,0,0,0,0,0,0,0,0,0,0,3,0,0,0,0
488,0,0,16,0,1,0,0,0,0,0,0,0,0,0,17,0,0,0,0,0,0
489,0,0,7,0,0,0,14,0,0,0,0,0,0,0,0,19,0,23,0,4,0
490,0,0,10,0,0,0,0,0,0,0,0,0,18,0,0,0,0,20,0,0,17
491,13,0,0,0,0,0,0,0,0,0,5,0,0,0,0,23,0,0,0,0,0
492,0,0,8,0,0,0,0,1,0,0,0,21,0,0,0,0,0,0,0,0,0
493,9,0,0,0,0,15,0,0,0,0,0,0,0,0,0,0,0,0,0,0,0
494,0,0,19,0,0,0,0,0,0,0,6,0,0,0,0,0,0,7,0,0,0
495,0,16,0,0,0,0,0,0,0,0,14,0,11,0,0,0,0,0,0,0,0
496,0,3,0,0,0,0,0,0,22,0,0,0,0,2,0,0,4,0,0,12,0
497,0,23,0,0,0,0,0,0,0,0,0,0,6,0,0,0,0,0,14,13,0
498,0,11,0,0,21,0,0,0,0,0,0,20,0,0,0,0,0,0,0,0,0
499,0,0,3,0,0,0,0,19,0,0,0,12,0,0,0,0,0,0,0,0,0
500,0,17,0,0,0,0,0,4,0,0,0,0,0,0,0,0,0,0,0,0,0
501,0,1,0,0,0,16,0,0,0,0,0,0,0,0,0,0,0,0,9,0,0
502,2,0,0,0,0,0,15,0,0,0,0,0,0,10,0,0,0,0,0,0,0
503,8,0,0,0,0,18,0,0,0,0,0,0,7,0,0,0,5,0,0,0,22
504,5,0,0,0,0,0,0,0,0,0,0,0,8,0,0,0,0,6,0,0,13
505,0,0,19,0,0,0,0,23,0,0,0,0,0,0,0,17,0,0,0,0,0
506,0,0,21,0,0,0,22,0,0,0,0,0,4,0,0,0,0,0,0,0,0
507,0,0,10,0,0,0,18,0,0,0,0,0,0,0,0,0,0,0,0,0,0
508,0,0,11,0,0,0,0,0,20,0,0,0,0,0,0,0,0,15,0,0,0
509,0,0,2,0,12,0,0,0,0,0,0,14,0,0,0,0,0,0,0,0,0
510,0,0,1,0,0,0,0,0,0,16,0,0,0,0,7,0,0,3,0,9,0
511,2,0,0,0,0,0,0,0,0,0,0,0,14,0,0,0,17,0,0,6,0
512,0,4,0,0,0,0,0,16,0,0,0,0,0,0,19,0,0,0,0,0,0
513,0,13,0,0,0,0,1,0,0,0,0,0,0,0,0,10,0,0,0,0,0
514,15,0,0,0,0,21,0,0,0,0,0,0,0,0,0,0,0,0,0,0,0
515,18,0,0,8,0,0,0,0,0,0,0,0,0,0,0,0,0,22,0,0,0
516,0,0,12,0,0,0,0,11,0,0,0,9,0,0,0,0,0,0,0,0,0
517,0,3,0,7,0,0,0,0,0,0,0,0,0,0,20,0,0,5,0,23,0
518,0,0,15,0,0,0,0,0,0,0,0,0,0,0,0,2,0,0,17,0,11
519,0,16,0,0,0,10,0,0,0,0,0,0,0,0,0,19,0,0,0,0,0
520,7,0,0,0,0,0,0,0,9,0,0,0,3,0,0,0,0,0,0,0,0
521,22,0,0,0,0,0,8,0,0,0,0,0,0,0,0,0,0,0,0,0,0
522,20,0,0,0,0,0,0,0,0,0,13,0,0,0,0,0,0,0,14,0,0
523,23,0,0,0,0,0,0,0,6,0,0,0,0,0,0,21,0,0,0,0,0
524,4,0,0,0,0,0,0,1,0,0,0,0,0,0,0,12,0,18,0,5,0
525,0,7,0,0,0,0,0,0,0,0,0,0,0,0,2,0,0,20,0,0,18
526,0,0,11,0,0,14,0,0,0,0,0,0,0,0,21,0,0,0,0,0,0
527,15,0,0,0,0,0,0,0,0,8,0,0,0,9,0,0,0,0,0,0,0
528,0,0,10,0,0,0,0,0,13,0,0,0,0,0,0,0,0,0,0,0,0
529,0,0,19,0,0,0,0,0,0,5,0,0,0,0,0,0,0,0,1,0,0
530,0,0,16,0,0,0,0,0,0,22,0,6,0,0,0,0,0,0,0,0,0
531,0,0,12,23,0,0,0,0,0,0,0,0,0,17,0,0,0,4,0,0,3
532,2,0,0,0,0,0,0,0,0,0,0,11,0,0,0,0,0,0,4,0,6
533,0,5,0,0,0,0,0,0,0,12,0,18,0,0,0,0,0,0,0,0,0
534,0,19,0,0,0,0,0,0,0,14,0,0,0,0,0,16,0,0,0,0,0
535,15,0,0,0,0,0,0,0,0,0,3,0,0,0,0,0,0,0,0,0,0
536,0,0,8,20,0,0,0,0,0,0,0,0,0,0,0,0,17,0,0,0,0
537,0,1,0,0,0,23,0,0,0,0,0,7,0,0,0,0,0,0,0,0,0
538,0,0,22,0,0,0,9,0,0,0,0,0,13,0,0,0,10,0,0,0,21
539,0,0,17,0,0,0,0,0,0,0,0,0,0,0,16,0,0,19,0,4,0
540,6,0,0,0,0,13,0,0,0,0,0,0,0,0,0,10,0,0,0,0,0
541,0,0,21,0,0,0,0,0,22,0,0,0,0,0,15,0,0,0,0,0,0
542,8,0,0,0,0,1,0,0,0,0,0,0,0,0,0,0,0,0,0,0,0
543,0,0,3,0,0,0,0,0,0,0,11,0,0,0,0,0,0,5,0,0,0
544,0,0,18,0,0,0,0,9,0,0,0,0,0,0,0,20,0,0,0,0,0
545,0,0,7,0,23,0,0,0,0,0,0,0,0,0,0,14,0,12,0,2,0
546,0,20,0,0,0,0,0,0,0,0,0,2,0,0,0,0,0,23,0,5,0
547,0,0,10,0,0,7,0,0,0,0,0,16,0,0,0,0,0,0,0,0,0
548,0,0,12,0,0,0,0,0,15,0,0,22,0,0,0,0,0,0,0,0,0
549,0,0,3,13,0,0,0,0,0,0,0,0,0,0,0,0,0,0,0,0,0
550,0,21,0,0,0,0,0,0,0,0,18,0,0,0,0,0,0,1,0,0,0
551,0,0,8,0,0,0,0,0,0,0,19,0,4,0,0,0,0,0,0,0,0
552,11,0,0,0,0,0,0,0,0,0,6,0,0,9,0,0,0,0,17,14,0
553,0,15,0,0,0,0,0,0,0,0,0,0,0,0,0,13,0,12,0,0,21
554,0,0,22,0,0,0,0,0,0,6,0,2,0,0,0,0,0,0,0,0,0
555,5,0,0,0,0,0,0,0,7,0,0,0,0,0,8,0,0,0,0,0,0
556,3,0,0,0,0,0,0,0,0,0,11,0,0,0,0,0,0,0,0,0,0
557,18,0,0,14,0,0,0,0,0,0,0,0,0,0,0,0,0,20,0,0,0
558,1,0,0,0,0,4,0,0,0,0,0,0,0,0,0,16,0,0,0,0,0
559,0,23,0,0,0,0,0,0,17,0,0,0,0,0,0,9,0,0,19,10,0
560,0,0,12,0,0,0,0,0,0,0,0,0,0,0,0,15,23,0,0,0,6
561,0,22,0,0,0,0,0,9,0,0,0,0,0,0,13,0,0,0,0,0,0
562,20,0,0,0,0,0,10,0,0,0,0,0,0,0,0,16,0,0,0,0,0
563,19,0,0,0,0,0,0,0,0,17,0,0,0,0,0,0,0,0,0,0,0
564,11,0,0,0,0,0,0,0,0,0,21,0,0,0,0,0,14,0,0,0,0
565,0,0,8,0,0,0,0,0,3,0,0,0,0,0,2,0,0,0,0,0,0
566,7,0,0,0,0,0,0,0,5,0,0,0,0,0,1,0,0,0,18,4,0
567,0,0,1,0,0,0,0,0,0,0,0,0,11,0,0,0,0,0,9,0,13
568,14,0,0,8,0,0,0,0,0,0,0,7,0,0,0,0,0,0,0,0,0
569,21,0,0,0,0,0,0,2,0,0,0,0,0,3,0,0,0,0,0,0,0
570,0,5,0,0,0,0,0,0,20,0,0,0,0,0,0,0,0,0,0,0,0
571,0,0,4,0,0,0,0,0,0,0,23,0,0,0,0,0,0,22,0,0,0
572,10,0,0,0,0,0,0,0,0,15,0,0,0,0,16,0,0,0,0,0,0
573,0,6,0,0,0,0,19,0,0,0,0,0,0,18,0,0,0,17,0,0,12
574,10,0,0,0,0,0,0,0,0,0,0,0,23,0,0,0,8,0,0,17,0
575,0,1,0,0,0,0,0,0,0,0,3,4,0,0,0,0,0,0,0,0,0
576,16,0,0,0,0,0,0,19,0,0,0,0,0,0,21,0,0,0,0,0,0
577,0,6,0,0,0,0,0,9,0,0,0,0,0,0,0,0,0,0,0,0,0
578,22,0,0,0,0,0,0,0,0,18,0,0,0,0,0,0,2,0,0,0,0
579,14,0,0,0,13,0,0,0,0,0,0,0,12,0,0,0,0,0,0,0,0
580,0,15,0,0,0,0,0,0,0,0,5,0,0,11,0,0,0,7,0,0,20
581,0,20,0,0,0,0,0,0,0,0,0,0,0,0,0,9,0,3,0,0,7
582,0,11,0,0,0,0,2,0,0,0,0,0,0,0,0,17,0,0,0,0,0
583,22,0,0,0,0,0,0,21,0,0,0,0,0,0,10,0,0,0,0,0,0
584,0,0,23,0,0,0,0,4,0,0,0,0,0,0,0,0,0,0,0,0,0
585,0,14,0,0,0,0,0,0,0,5,0,0,0,0,0,0,0,0,8,0,0
586,0,0,1,0,0,0,0,0,0,0,6,0,0,0,0,18,0,0,0,0,0
587,0,13,0,0,0,0,0,0,16,0,0,0,0,0,19,0,0,0,12,15,0
588,0,0,7,0,0,0,0,0,0,0,0,0,0,10,0,0,0,0,14,0,21
589,0,15,0,0,11,0,0,0,0,0,0,0,0,0,0,20,0,0,0,0,0
590,0,0,17,4,0,0,0,0,0,0,0,0,0,0,18,0,0,0,0,0,0
591,12,0,0,2,0,0,0,0,0,0,0,0,0,0,0,0,0,0,0,0,0
592,0,0,5,0,0,0,0,0,0,9,0,0,0,0,0,0,3,0,0,0,0
593,0,0,22,0,0,0,0,0,0,13,0,8,0,0,0,0,0,0,0,0,0
594,1,0,0,6,0,0,0,0,0,0,0,0,0,0,0,16,19,0,0,0,23
595,0,4,0,0,0,0,0,0,0,0,0,12,0,0,0,0,0,0,5,0,9
596,0,20,0,0,0,0,0,0,0,0,7,0,0,1,0,0,0,0,0,0,0
597,0,0,15,0,0,19,0,0,0,0,0,17,0,0,0,0,0,0,0,0,0
598,0,11,0,0,0,0,0,0,0,0,8,0,0,0,0,0,0,0,0,0,0
599,0,0,6,0,0,0,22,0,0,0,0,0,0,0,0,0,0,21,0,0,0
600,0,2,0,16,0,0,0,0,0,0,0,0,0,0,3,0,0,0,0,0,0
601,0,13,0,0,0,0,0,23,0,0,0,0,18,0,0,0,0,0,10,0,14
602,0,3,0,0,0,0,0,0,0,0,0,5,0,0,0,0,7,0,0,0,15
603,0,12,0,0,0,0,0,0,0,10,0,0,0,0,0,16,0,0,0,0,0
604,4,0,0,0,0,0,0,0,0,23,0,0,0,1,0,0,0,0,0,0,0
605,9,0,0,0,0,0,0,0,0,0,2,0,0,0,0,0,0,0,0,0,0
606,22,0,0,0,0,0,0,0,0,17,0,0,0,0,0,0,0,13,0,0,0
607,6,0,0,0,0,0,0,14,0,0,0,0,8,0,0,0,0,0,0,0,0
608,0,0,20,0,21,0,0,0,0,0,0,0,0,0,11,0,0,19,0,18,0
609,23,0,0,0,0,0,0,0,0,0,0,0,0,0,0,19,0,0,17,15,0
610,0,16,0,0,0,0,12,0,0,0,0,0,0,0,1,0,0,0,0,0,0
611,20,0,0,0,0,14,0,0,0,0,0,0,7,0,0,0,0,0,0,0,0
612,3,0,0,0,0,0,0,0,0,6,0,0,0,0,0,0,0,0,0,0,0
613,0,2,0,0,0,0,18,0,0,0,0,0,0,0,0,0,5,0,0,0,0
614,22,0,0,0,0,0,0,10,0,0,0,0,0,0,11,0,0,0,0,0,0
615,4,0,0,0,9,0,0,0,0,0,0,0,8,0,0,0,0,21,0,13,0
616,0,13,0,0,0,0,0,0,0,0,0,0,0,11,0,0,0,21,0,0,5
617,0,23,0,0,0,0,0,0,0,19,0,0,0,0,4,0,0,0,0,0,0
618,0,3,0,0,20,0,0,0,0,0,0,0,6,0,0,0,0,0,0,0,0
619,0,0,7,0,0,0,0,0,0,22,0,0,0,0,0,0,0,0,0,0,0
620,0,0,14,0,0,0,8,0,0,0,0,0,0,0,0,0,0,9,0,0,0
621,0,17,0,0,0,0,0,0,0,0,18,0,0,2,0,0,0,0,0,0,0
622,0,10,0,0,0,0,0,0,15,0,0,0,0,0,0,1,0,12,0,16,0
623,5,0,0,0,0,0,0,0,0,0,0,0,0,7,0,0,0,6,0,0,19
624,0,0,15,0,0,0,0,0,0,0,21,3,0,0,0,0,0,0,0,0,0
625,22,0,0,0,0,0,0,0,18,0,0,0,0,0,8,0,0,0,0,0,0
626,0,0,1,13,0,0,0,0,0,0,0,0,0,0,0,0,0,0,0,0,0
627,0,0,9,0,0,0,11,0,0,0,0,0,0,0,0,0,0,2,0,0,0
628,0,16,0,12,0,0,0,0,0,0,0,0,0,20,0,0,0,0,0,0,0
629,0,0,10,0,17,0,0,0,0,0,0,23,0,0,0,0,0,14,0,4,0
630,16,0,0,0,0,0,0,0,0,0,0,0,0,0,0,6,0,0,12,0,1
631,0,0,3,0,0,0,0,0,0,21,0,23,0,0,0,0,0,0,0,0,0
632,22,0,0,0,0,0,0,14,0,0,0,7,0,0,0,0,0,0,0,0,0
633,0,9,0,0,0,0,5,0,0,0,0,0,0,0,0,0,0,0,0,0,0
634,0,0,10,0,0,0,0,4,0,0,0,0,0,0,0,0,8,0,0,0,0
635,0,0,15,0,0,20,0,0,0,0,0,0,0,17,0,0,0,0,0,0,0
636,0,0,18,0,0,11,0,0,0,0,0,0,2,0,0,0,0,0,19,13,0
637,0,6,0,0,0,0,0,0,0,0,0,0,0,7,0,0,0,0,21,0,14
638,0,0,13,0,4,0,0,0,0,0,0,20,0,0,0,0,0,0,0,0,0
639,0,0,2,0,0,23,0,0,0,0,0,0,0,11,0,0,0,0,0,0,0
640,0,0,3,0,0,0,0,0,0,0,22,0,0,0,0,0,0,0,0,0,0
641,19,0,0,0,0,0,0,0,0,5,0,0,0,0,0,0,0,16,0,0,0
642,9,0,0,0,0,0,15,0,0,0,0,0,0,0,8,0,0,0,0,0,0
643,0,0,12,0,0,10,0,0,0,0,0,0,0,18,0,0,0,0,17,0,1
644,21,0,0,0,0,0,0,0,0,0,0,0,0,0,0,12,0,5,0,0,17
645,0,4,0,0,0,0,0,0,0,0,18,0,19,0,0,0,0,0,0,0,0
646,0,0,9,0,0,0,0,13,0,0,0,0,15,0,0,0,0,0,0,0,0
647,7,0,0,0,14,0,0,0,0,0,0,0,0,0,0,0,0,0,0,0,0
648,0,20,0,0,0,0,0,0,0,0,1,0,0,0,0,0,10,0,0,0,0
649,0,23,0,0,0,0,0,0,0,0,2,0,0,11,0,0,0,0,0,0,0
650,8,0,0,16,0,0,0,0,0,0,0,0,0,3,0,0,0,0,6,0,22
651,0,0,21,0,0,0,0,0,0,0,0,0,0,0,0,14,19,0,0,0,15
652,0,2,0,0,0,0,6,0,0,0,0,0,0,0,7,0,0,0,0,0,0
653,0,0,11,12,0,0,0,0,0,0,0,16,0,0,0,0,0,0,0,0,0
654,0,22,0,0,0,8,0,0,0,0,0,0,0,0,0,0,0,0,0,0,0
655,0,17,0,0,0,0,10,0,0,0,0,0,0,0,0,0,0,20,0,0,0
656,0,18,0,0,0,0,0,0,0,0,3,0,0,0,5,0,0,0,0,0,0
657,0,0,9,0,0,0,23,0,0,0,0,0,1,0,0,0,0,0,13,0,4
658,0,0,11,0,0,0,0,0,0,0,0,12,0,0,0,0,0,0,9,21,0
659,0,0,8,0,0,0,0,3,0,0,0,0,22,0,0,0,0,0,0,0,0
660,1,0,0,0,0,0,0,0,0,0,17,0,16,0,0,0,0,0,0,0,0
661,0,6,0,0,0,0,13,0,0,0,0,0,0,0,0,0,0,0,0,0,0
662,0,14,0,0,0,0,0,0,0,20,0,0,0,0,0,0,0,0,5,0,0
663,0,19,0,0,0,7,0,0,0,0,0,10,0,0,0,0,0,0,0,0,0
664,0,0,2,0,0,0,0,0,0,15,0,0,0,0,0,23,0,4,0,18,0
665,1,0,0,0,0,0,0,0,0,0,0,0,0,0,4,0,0,7,0,6,0
666,9,0,0,0,0,14,0,0,0,0,0,0,0,3,0,0,0,0,0,0,0
667,13,0,0,0,0,20,0,0,0,0,0,2,0,0,0,0,0,0,0,0,0
668,21,0,0,0,0,0,0,0,19,0,0,0,0,0,0,0,0,0,0,0,0
669,0,0,18,0,0,0,11,0,0,0,0,0,0,0,0,0,0,0,5,0,0
670,17,0,0,0,0,0,0,0,0,0,23,0,0,0,12,0,0,0,0,0,0
671,10,0,0,0,0,0,0,0,22,0,0,8,0,0,0,0,0,0,16,15,0
672,0,0,5,0,0,0,0,0,0,0,0,11,0,0,0,0,0,4,0,0,17
673,0,21,0,0,15,0,0,0,0,0,0,0,0,18,0,0,0,0,0,0,0
674,0,16,0,0,0,10,0,0,0,0,0,0,0,0,3,0,0,0,0,0,0
675,0,0,13,23,0,0,0,0,0,0,0,0,0,0,0,0,0,0,0,0,0
676,0,6,0,0,0,0,0,0,9,0,0,0,0,0,0,0,0,20,0,0,0
677,0,7,0,0,0,0,0,0,0,12,0,0,22,0,0,0,0,0,0,0,0
678,0,1,0,2,0,0,0,0,0,0,0,8,0,0,0,0,0,14,0,19,0
679,0,6,0,0,0,0,0,0,0,0,0,0,0,0,0,21,15,0,0,12,0
680,10,0,0,0,0,0,22,0,0,0,0,0,19,0,0,0,0,0,0,0,0
681,0,11,0,0,0,0,3,0,0,0,0,0,14,0,0,0,0,0,0,0,0
682,0,0,13,0,0,0,5,0,0,0,0,0,0,0,0,0,0,0,0,0,0
683,0,18,0,23,0,0,0,0,0,0,0,0,0,0,0,0,0,20,0,0,0
684,7,0,0,0,0,0,16,0,0,0,0,0,0,0,0,9,0,0,0,0,0
685,0,17,0,0,0,0,8,0,0,0,0,0,2,0,0,0,0,0,1,0,4
686,20,0,0,0,0,0,0,0,0,0,0,9,0,0,0,0,0,0,18,23,0
687,0,2,0,0,0,0,1,0,0,0,0,0,0,0,0,8,0,0,0,0,0
688,0,6,0,0,0,0,0,0,0,0,7,0,0,19,0,0,0,0,0,0,0
689,0,16,0,0,0,0,0,0,0,0,14,0,0,0,0,0,0,0,0,0,0
690,0,4,0,0,3,0,0,0,0,0,0,0,0,0,0,0,0,22,0,0,0
691,0,0,17,13,0,0,0,0,0,0,0,0,0,0,11,0,0,0,0,0,0
692,0,0,12,0,0,0,0,0,0,10,0,0,5,0,0,0,0,0,15,21,0
693,0,19,0,0,0,0,0,0,0,0,0,0,4,0,0,0,0,2,0,20,0
694,0,11,0,0,0,16,0,0,0,0,0,0,0,0,0,23,0,0,0,0,0
695,3,0,0,0,0,14,0,0,0,0,0,0,22,0,0,0,0,0,0,0,0
696,17,0,0,8,0,0,0,0,0,0,0,0,0,0,0,0,0,0,0,0,0
697,0,0,10,0,12,0,0,0,0,0,0,0,0,0,0,0,0,0,5,0,0
698,0,21,0,0,15,0,0,0,0,0,0,0,0,0,0,9,0,0,0,0,0
699,0,6,0,1,0,0,0,0,0,0,0,0,0,0,7,0,18,0,0,13,0
